word_id,transcript_word,aligned_word,start_sec,end_sec,is_unk,has_timing,duration_sec,n_tokens,has_tokens,emb_l2norm_lastlayer
0,I,i,15.089999,15.169999,False,True,0.08000000000000007,1,True,27.08843
1,began,began,15.17,15.51,False,True,0.33999999999999986,1,True,28.042336
2,my,my,15.509999,15.699999,False,True,0.1899999999999995,1,True,26.844215
3,illustrious,<unk>,15.71,16.310000000000002,True,True,0.6000000000000014,1,True,29.847715
4,career,career,16.33,16.939999999999998,False,True,0.6099999999999994,1,True,30.333612
5,in,in,17.08,17.209999999999997,False,True,0.129999999999999,1,True,25.519423
6,journalism,journalism,17.209999,17.929999,False,True,0.7199999999999989,1,True,32.94064
7,in,in,18.469999,18.589999,False,True,0.11999999999999744,1,True,25.788914
8,the,the,18.59,18.68,False,True,0.08999999999999986,1,True,27.875916
9,Bronx,bronx,18.68,19.24,False,True,0.5599999999999987,1,True,35.112083
10,where,where,19.24,19.39,False,True,0.15000000000000213,1,True,28.506998
11,I,i,19.39,19.5,False,True,0.10999999999999943,1,True,36.286358
12,toiled,<unk>,19.5,20.09,True,True,0.5899999999999999,2,True,28.444948
13,as,as,20.36,20.49,False,True,0.129999999999999,1,True,34.29634
14,a,a,20.49,20.540000000000003,False,True,0.05000000000000426,1,True,36.45955
15,hard,hard,20.54,20.89,False,True,0.3500000000000014,1,True,37.215683
16,boiled,boiled,20.89,21.14,False,True,0.25,1,True,38.741943
17,reporter,reporter,21.14,21.91,False,True,0.7699999999999996,1,True,35.4925
18,for,for,22.09,22.24,False,True,0.14999999999999858,1,True,33.95375
19,the,the,22.24,22.360000000000003,False,True,0.12000000000000455,1,True,32.482723
20,Ram,ram,22.36,22.77,False,True,0.41000000000000014,1,True,43.144474
21,the,the,23.93,24.1,False,True,0.1700000000000017,1,True,41.279243
22,student,student,24.1,24.62,False,True,0.5199999999999996,1,True,36.305836
23,newspaper,newspaper,24.63,25.27,False,True,0.6400000000000006,1,True,33.491867
24,at,at,25.27,25.39,False,True,0.120000000000001,1,True,37.614235
25,Fordham,fordham,25.39,25.69,False,True,0.3000000000000007,2,True,34.507854
26,University,university,25.69,26.41,False,True,0.7199999999999989,1,True,35.391598
27,And,and,27.07,27.2,False,True,0.129999999999999,1,True,30.904932
28,one,one,27.2,27.33,False,True,0.129999999999999,1,True,31.964016
29,day,day,27.33,27.49,False,True,0.16000000000000014,1,True,31.815323
30,I’m,i'm,27.49,27.590000000000003,False,True,0.10000000000000497,4,True,24.938307
31,walking,walking,27.59,27.87,False,True,0.28000000000000114,1,True,32.749146
32,toward,toward,27.87,28.05,False,True,0.17999999999999972,1,True,33.544197
33,the,the,28.05,28.12,False,True,0.07000000000000028,1,True,31.42583
34,campus,campus,28.12,28.43,False,True,0.3099999999999987,1,True,36.717655
35,center,center,28.429999,28.769999,False,True,0.33999999999999986,1,True,34.095085
36,and,and,28.96,29.130000000000003,False,True,0.1700000000000017,1,True,33.892334
37,out,out,29.139999,29.329999,False,True,0.19000000000000128,1,True,39.171696
38,comes,comes,29.33,29.55,False,True,0.22000000000000242,1,True,30.762836
39,the,the,29.58,29.69,False,True,0.11000000000000298,1,True,30.422455
40,elusive,elusive,29.69,30.38,False,True,0.6899999999999977,1,True,29.48071
41,Dean,dean,30.61,31.0,False,True,0.39000000000000057,1,True,36.59783
42,McGowan,<unk>,31.0,31.66,True,True,0.6600000000000001,2,True,26.52234
43,architect,architect,32.299999,32.819999,False,True,0.5200000000000031,1,True,33.067947
44,of,of,32.82,32.910000000000004,False,True,0.09000000000000341,1,True,30.765963
45,a,a,32.91,33.0,False,True,0.09000000000000341,1,True,31.816824
46,policy,policy,33.009999,33.769999,False,True,0.759999999999998,1,True,33.57441
47,to,to,34.07,34.21,False,True,0.14000000000000057,1,True,32.053486
48,replace,replace,34.209999,34.729999,False,True,0.519999999999996,1,True,29.529737
49,Fordham’s,<unk>,34.730000000000004,35.190000000000005,True,True,0.46000000000000085,5,True,21.841585
50,traditionally,traditionally,35.199999,36.009999,False,True,0.8100000000000023,1,True,32.953075
51,working,working,36.41,37.04,False,True,0.6300000000000026,1,True,35.738728
52,to,to,37.09,37.150000000000006,False,True,0.060000000000002274,1,True,32.99524
53,middle,middle,37.16,37.36,False,True,0.20000000000000284,1,True,34.358704
54,class,class,37.369999,37.669999,False,True,0.29999999999999716,1,True,33.874104
55,students,students,37.67,38.28,False,True,0.6099999999999994,1,True,29.561216
56,with,with,38.74,39.120000000000005,False,True,0.38000000000000256,1,True,32.09146
57,wealthier,wealthier,39.23,39.85,False,True,0.6200000000000045,1,True,33.416492
58,more,more,39.85,40.04,False,True,0.18999999999999773,1,True,37.54161
59,prestigious,prestigious,40.04,40.68,False,True,0.6400000000000006,1,True,32.59942
60,ones,ones,40.68,41.26,False,True,0.5799999999999983,1,True,28.230227
61,So,so,42.21,42.38,False,True,0.1700000000000017,1,True,30.398275
62,I,i,42.38,42.46,False,True,0.0799999999999983,1,True,33.774323
63,whip,whip,42.46,42.65,False,True,0.18999999999999773,1,True,35.078392
64,out,out,42.65,42.76,False,True,0.10999999999999943,1,True,32.030945
65,my,my,42.76,42.88,False,True,0.12000000000000455,1,True,33.086952
66,notebook,notebook,42.88,43.2,False,True,0.3200000000000003,1,True,33.130524
67,and,and,43.2,43.3,False,True,0.09999999999999432,1,True,32.887035
68,I,i,43.3,43.37,False,True,0.07000000000000028,1,True,34.29239
69,go,go,43.37,43.5,False,True,0.13000000000000256,1,True,35.74194
70,up,up,43.5,43.61,False,True,0.10999999999999943,1,True,36.92622
71,to,to,43.61,43.72,False,True,0.10999999999999943,1,True,31.07917
72,him,him,43.72,43.82,False,True,0.10000000000000142,1,True,33.145596
73,and,and,43.82,43.93,False,True,0.10999999999999943,1,True,33.969254
74,I,i,43.93,44.01,False,True,0.0799999999999983,1,True,34.935028
75,say,say,44.01,44.18,False,True,0.1700000000000017,1,True,32.196663
76,Dean,dean,44.179999,44.539999,False,True,0.35999999999999943,1,True,30.784117
77,McGowan,<unk>,44.54,44.97,True,True,0.4299999999999997,2,True,25.051544
78,is,is,45.42,45.57,False,True,0.14999999999999858,1,True,33.36524
79,it,it,45.57,45.7,False,True,0.13000000000000256,1,True,34.41968
80,true,true,45.719999,46.099999,False,True,0.37999999999999545,1,True,32.71141
81,that,that,46.099999,46.249999,False,True,0.15000000000000568,1,True,30.737715
82,Fordham,fordham,46.25,46.52,False,True,0.2700000000000031,2,True,27.974714
83,University,university,46.52,47.02,False,True,0.5,1,True,31.377964
84,plans,plans,47.02,47.29,False,True,0.269999999999996,1,True,32.884766
85,to,to,47.29,47.41,False,True,0.11999999999999744,1,True,35.33357
86,raise,raise,47.41,47.72,False,True,0.3100000000000023,1,True,35.329918
87,tuition,tuition,47.719999,48.129999,False,True,0.4099999999999966,1,True,35.153908
88,substantially,substantially,48.13,48.86,False,True,0.7299999999999969,1,True,33.710506
89,above,above,48.86,49.06,False,True,0.20000000000000284,1,True,37.814247
90,the,the,49.07,49.17,False,True,0.10000000000000142,1,True,36.535564
91,inflation,inflation,49.17,49.67,False,True,0.5,1,True,33.20789
92,rate,rate,49.67,49.9,False,True,0.22999999999999687,1,True,32.280163
93,and,and,50.059999,50.199999,False,True,0.14000000000000057,1,True,33.38257
94,if,if,50.2,50.34,False,True,0.14000000000000057,1,True,34.018715
95,so,so,50.34,50.92,False,True,0.5799999999999983,1,True,32.69169
96,wouldn’t,wouldn't,51.16,51.41,False,True,0.25,4,True,27.02638
97,that,that,51.41,51.54,False,True,0.13000000000000256,1,True,33.844864
98,be,be,51.54,51.64,False,True,0.10000000000000142,1,True,36.4842
99,a,a,51.639999,51.689999,False,True,0.04999999999999716,1,True,37.486664
100,betrayal,betrayal,51.69,52.23,False,True,0.5399999999999991,1,True,32.82829
101,of,of,52.23,52.31,False,True,0.0800000000000054,1,True,33.18593
102,its,its,52.309999000000005,52.449999000000005,False,True,0.14000000000000057,1,True,36.36126
103,mission,mission,52.459999,52.979999,False,True,0.519999999999996,1,True,34.518814
104,And,and,54.719999,54.839999,False,True,0.11999999999999744,1,True,31.431562
105,he,he,54.84,54.95,False,True,0.10999999999999943,1,True,34.583824
106,stops,stops,54.95,55.510000000000005,False,True,0.5600000000000023,1,True,37.920143
107,and,and,55.52,55.63,False,True,0.10999999999999943,1,True,35.816044
108,looks,looks,55.63,55.8,False,True,0.1699999999999946,1,True,37.729763
109,at,at,55.8,55.92,False,True,0.12000000000000455,1,True,30.606667
110,me,me,55.92,56.56,False,True,0.6400000000000006,1,True,36.96265
111,and,and,57.1,57.22,False,True,0.11999999999999744,1,True,35.13576
112,he,he,57.22,57.32,False,True,0.10000000000000142,1,True,34.705166
113,says,says,57.32,57.9,False,True,0.5799999999999983,1,True,32.08636
114,Listen,listen,58.66,58.91,False,True,0.25,1,True,34.306854
115,up,up,58.91,59.05,False,True,0.14000000000000057,1,True,34.18307
116,punk,punk,59.06,59.6,False,True,0.5399999999999991,1,True,37.279644
117,And,and,59.82,60.0,False,True,0.17999999999999972,1,True,33.3296
118,right,right,60.0,60.26,False,True,0.259999999999998,1,True,35.57729
119,then,then,60.26,60.54,False,True,0.28000000000000114,1,True,31.172337
120,there’s,there's,60.55,60.78,False,True,0.23000000000000398,4,True,27.045855
121,a,a,60.78,60.88,False,True,0.10000000000000142,1,True,35.226906
122,blur,blur,60.9,61.58,False,True,0.6799999999999997,1,True,36.669266
123,in,in,61.82,61.93,False,True,0.10999999999999943,1,True,34.07501
124,the,the,61.93,62.03,False,True,0.10000000000000142,1,True,34.854034
125,corner,corner,62.03,62.26,False,True,0.22999999999999687,1,True,34.346107
126,of,of,62.26,62.33,False,True,0.07000000000000028,1,True,32.863033
127,my,my,62.33,62.5,False,True,0.1700000000000017,1,True,31.90959
128,eye,eye,62.5,62.63,False,True,0.13000000000000256,1,True,31.447912
129,which,which,62.63,62.8,False,True,0.1699999999999946,1,True,34.06235
130,becomes,becomes,62.8,63.23,False,True,0.4299999999999997,1,True,34.72579
131,this,this,63.24,63.52,False,True,0.28000000000000114,1,True,28.736727
132,figure,figure,63.53,64.29,False,True,0.7600000000000051,1,True,35.151394
133,holding,holding,64.559999,64.98999900000001,False,True,0.4300000000000068,1,True,34.26712
134,a,a,64.99,65.03999999999999,False,True,0.04999999999999716,1,True,32.819515
135,cream,cream,65.03999999999999,65.35999999999999,False,True,0.3199999999999932,1,True,38.599014
136,pie,pie,65.36,65.69,False,True,0.3299999999999983,1,True,36.1097
137,which,which,65.7,65.9,False,True,0.20000000000000284,1,True,31.431505
138,becomes,becomes,65.91,66.28,False,True,0.37000000000000455,1,True,31.230762
139,the,the,66.309999,66.42999900000001,False,True,0.12000000000000455,1,True,29.982515
140,guy,guy,66.429999,67.079999,False,True,0.6500000000000057,1,True,32.99105
141,standing,standing,67.299999,67.879999,False,True,0.5799999999999983,1,True,33.818092
142,next,next,67.88,68.14,False,True,0.2600000000000051,1,True,34.157963
143,to,to,68.15,68.27000000000001,False,True,0.12000000000000455,1,True,28.77536
144,me,me,68.27,68.64,False,True,0.37000000000000455,1,True,31.819584
145,mashing,<unk>,69.03999999999999,69.66,True,True,0.6200000000000045,2,True,27.860939
146,a,a,69.67,69.74,False,True,0.06999999999999318,1,True,35.642345
147,cream,cream,69.74,70.11,False,True,0.37000000000000455,1,True,32.707207
148,pie,pie,70.109999,70.529999,False,True,0.4200000000000017,1,True,33.970848
149,into,into,70.559999,70.75999900000001,False,True,0.20000000000000284,1,True,32.291084
150,Dean,dean,70.76,71.03,False,True,0.269999999999996,1,True,27.154842
151,McGowan’s,<unk>,71.029999,71.469999,True,True,0.4399999999999977,5,True,23.213503
152,face,face,71.48,72.14,False,True,0.6599999999999966,1,True,30.246311
153,And,and,73.6,73.76,False,True,0.1600000000000108,1,True,31.6996
154,then,then,73.93,74.28,False,True,0.3499999999999943,1,True,30.88515
155,runs,runs,74.28,74.5,False,True,0.21999999999999886,1,True,33.386536
156,away,away,74.5,74.91,False,True,0.4099999999999966,1,True,34.667202
157,And,and,77.48,77.66000000000001,False,True,0.18000000000000682,1,True,31.523752
158,the,the,77.66,77.74,False,True,0.0799999999999983,1,True,30.20366
159,Dean,dean,77.74,78.08,False,True,0.3400000000000034,1,True,32.12406
160,is,is,78.86,79.2,False,True,0.3400000000000034,1,True,34.492393
161,covered,covered,79.2,79.53,False,True,0.3299999999999983,1,True,35.41999
162,with,with,79.53,79.68,False,True,0.15000000000000568,1,True,32.37168
163,cream,cream,79.68,80.09,False,True,0.4099999999999966,1,True,32.78872
164,So,so,82.3,82.49,False,True,0.18999999999999773,1,True,31.595924
165,I,i,82.49,82.55999999999999,False,True,0.06999999999999318,1,True,35.28733
166,give,give,82.559999,82.70999900000001,False,True,0.15000000000000568,1,True,34.568527
167,him,him,82.71000000000001,82.81,False,True,0.09999999999999432,1,True,35.741657
168,a,a,82.809999,82.869999,False,True,0.060000000000002274,1,True,37.656567
169,moment,moment,82.87,83.42,False,True,0.5499999999999972,1,True,35.23383
170,and,and,85.63,85.72999999999999,False,True,0.09999999999999432,1,True,32.69178
171,then,then,85.73,85.8,False,True,0.06999999999999318,1,True,32.89318
172,I,i,85.799999,85.859999,False,True,0.060000000000002274,1,True,35.42909
173,say,say,85.86,86.01,False,True,0.15000000000000568,1,True,31.579153
174,Dean,dean,86.009999,86.269999,False,True,0.2600000000000051,1,True,28.77437
175,McGowan,<unk>,86.27,86.7,True,True,0.4300000000000068,2,True,26.33859
176,would,would,86.85000000000001,86.88000000000001,False,True,0.030000000000001137,1,True,34.682858
177,you,you,86.88000000000001,86.92,False,True,0.03999999999999204,1,True,37.99614
178,care,care,86.92,87.11,False,True,0.18999999999999773,1,True,36.856476
179,to,to,87.11,87.2,False,True,0.09000000000000341,1,True,36.26785
180,comment,comment,87.2,87.47,False,True,0.269999999999996,1,True,34.500454
181,on,on,87.7,87.79,False,True,0.09000000000000341,1,True,31.700182
182,this,this,87.78999999999999,87.94999999999999,False,True,0.1599999999999966,1,True,33.81709
183,latest,latest,87.95,88.24000000000001,False,True,0.29000000000000625,1,True,34.247044
184,attack,attack,88.24,88.61,False,True,0.37000000000000455,1,True,33.585865
185,And,and,88.61,88.64,False,True,0.030000000000001137,1,True,31.160975
186,the,the,91.98,92.04,False,True,0.060000000000002274,1,True,28.476133
187,Dean,dean,92.04,92.25,False,True,0.20999999999999375,1,True,33.07618
188,says,says,92.25,92.48,False,True,0.23000000000000398,1,True,31.169876
189,Yes,yes,92.48,93.16,False,True,0.6799999999999926,1,True,33.350426
190,I,i,93.57,93.66,False,True,0.09000000000000341,1,True,34.353706
191,would,would,93.66,93.8,False,True,0.14000000000000057,1,True,35.575634
192,care,care,93.8,93.96,False,True,0.1599999999999966,1,True,36.021408
193,to,to,93.96,94.05,False,True,0.09000000000000341,1,True,32.690907
194,comment,comment,94.05,94.53,False,True,0.480000000000004,1,True,32.748283
195,Fuck,fuck,95.15,95.68,False,True,0.5300000000000011,1,True,35.859943
196,you,you,95.73,96.13,False,True,0.3999999999999915,1,True,32.184143
197,So,so,98.13,98.38,False,True,0.25,1,True,31.561617
198,I,i,98.38,98.48,False,True,0.10000000000000853,1,True,34.531445
199,race,race,98.48,98.77,False,True,0.28999999999999204,1,True,33.551388
200,back,back,98.77,98.94,False,True,0.1700000000000017,1,True,34.634933
201,to,to,98.94,99.04,False,True,0.10000000000000853,1,True,32.2943
202,the,the,99.04,99.14,False,True,0.09999999999999432,1,True,32.419876
203,newsroom,newsroom,99.139999,99.569999,False,True,0.4299999999999926,2,True,29.096798
204,with,with,99.57,99.74,False,True,0.1700000000000017,1,True,31.694635
205,my,my,99.74,99.89,False,True,0.15000000000000568,1,True,31.958826
206,scoop,scoop,99.9,100.47,False,True,0.5699999999999932,1,True,31.541965
207,and,and,101.32,101.45,False,True,0.13000000000000966,1,True,31.919554
208,I,i,101.45,101.52,False,True,0.06999999999999318,1,True,35.86479
209,find,find,101.52,101.72,False,True,0.20000000000000284,1,True,29.859066
210,the,the,101.719999,101.839999,False,True,0.12000000000000455,1,True,30.42551
211,editor,editor,101.84,102.33,False,True,0.4899999999999949,1,True,34.05097
212,Jim,jim,102.55,102.82,False,True,0.269999999999996,1,True,34.384415
213,Dwyer,<unk>,102.82,103.15,True,True,0.3300000000000125,2,True,25.748693
214,who’s,who's,103.16,103.32,False,True,0.1599999999999966,4,True,26.003565
215,a,a,103.32,103.4,False,True,0.0800000000000125,1,True,33.338608
216,senior,senior,103.4,103.93,False,True,0.5300000000000011,1,True,35.603226
217,and,and,104.45,104.65,False,True,0.20000000000000284,1,True,32.723793
218,he,he,104.65,104.77,False,True,0.11999999999999034,1,True,32.450382
219,will,will,104.77,104.91,False,True,0.14000000000000057,1,True,35.269863
220,go,go,104.91,105.06,False,True,0.15000000000000568,1,True,34.717438
221,on,on,105.059999,105.239999,False,True,0.1799999999999926,1,True,36.57695
222,to,to,105.24,105.36,False,True,0.12000000000000455,1,True,34.15265
223,win,win,105.36,105.48,False,True,0.12000000000000455,1,True,37.29318
224,a,a,105.48,105.53,False,True,0.04999999999999716,1,True,38.98246
225,Pulitzer,pulitzer,105.53,105.82,False,True,0.28999999999999204,1,True,36.36933
226,Prize,prize,105.82,106.24,False,True,0.4200000000000017,1,True,33.389668
227,that,that,106.25,106.44,False,True,0.18999999999999773,1,True,33.86392
228,is,is,106.440001,106.590001,False,True,0.15000000000000568,1,True,34.497803
229,true,true,106.59,106.93,False,True,0.3400000000000034,1,True,31.689045
230,and,and,108.119999,108.249999,False,True,0.12999999999999545,1,True,31.396
231,he’s,he's,108.25,108.36,False,True,0.10999999999999943,4,True,25.68392
232,a,a,108.359999,108.429999,False,True,0.06999999999999318,1,True,33.428196
233,big,big,108.46,108.76,False,True,0.30000000000001137,1,True,35.905693
234,guy,guy,108.77,109.18,False,True,0.4100000000000108,1,True,34.40375
235,I,i,109.21,109.33,False,True,0.12000000000000455,1,True,35.257065
236,pitch,pitch,109.369999,109.559999,False,True,0.18999999999999773,1,True,34.317245
237,him,him,109.55,109.65,False,True,0.10000000000000853,1,True,34.334637
238,my,my,109.65,109.79,False,True,0.14000000000000057,1,True,31.075972
239,story,story,109.79,110.15,False,True,0.35999999999999943,1,True,32.775757
240,I,i,110.15,110.22,False,True,0.06999999999999318,1,True,35.445713
241,tell,tell,110.22,110.44,False,True,0.21999999999999886,1,True,32.44771
242,him,him,110.44,110.54,False,True,0.10000000000000853,1,True,32.270428
243,what,what,110.54,110.68,False,True,0.14000000000000057,1,True,34.164894
244,I’ve,i've,110.68,110.81,False,True,0.12999999999999545,4,True,28.77277
245,seen,seen,110.81,111.3,False,True,0.4899999999999949,1,True,34.97321
246,and,and,111.83,111.99,False,True,0.1599999999999966,1,True,34.992626
247,he,he,111.99,112.11,False,True,0.12000000000000455,1,True,33.440086
248,says,says,112.12,112.5,False,True,0.37999999999999545,1,True,31.430784
249,Dean,dean,113.36,113.58,False,True,0.21999999999999886,1,True,28.960218
250,McGowan,<unk>,113.58,114.15,True,True,0.5700000000000074,2,True,25.671965
251,that,that,115.14,115.27,False,True,0.12999999999999545,1,True,32.7696
252,guy’s,guy's,115.27,115.45,False,True,0.18000000000000682,4,True,26.396124
253,a,a,115.45,115.53,False,True,0.0799999999999983,1,True,35.39176
254,dick,dick,115.6,115.96,False,True,0.35999999999999943,1,True,34.795807
255,Write,write,116.05,116.3,False,True,0.25,1,True,36.736767
256,it,it,116.3,116.42,False,True,0.12000000000000455,1,True,36.90893
257,up,up,116.42,116.75,False,True,0.3299999999999983,1,True,34.783463
258,So,so,118.04,118.21,False,True,0.1699999999999875,1,True,32.441105
259,I’m,i'm,118.21,118.34,False,True,0.13000000000000966,4,True,26.643198
260,banging,banging,118.349999,118.659999,False,True,0.3100000000000023,1,True,37.096176
261,out,out,118.66,118.76,False,True,0.10000000000000853,1,True,34.48028
262,my,my,118.76,118.87,False,True,0.10999999999999943,1,True,32.048615
263,story,story,118.87,119.22,False,True,0.3499999999999943,1,True,33.52841
264,and,and,119.219999,119.319999,False,True,0.09999999999999432,1,True,32.98123
265,I,i,119.32,119.39,False,True,0.07000000000000739,1,True,34.933735
266,know,know,119.389999,119.649999,False,True,0.2599999999999909,1,True,32.86126
267,it’s,it's,119.65,119.84,False,True,0.18999999999999773,4,True,26.876701
268,good,good,119.84,120.15,False,True,0.3100000000000023,1,True,33.865826
269,and,and,120.55,120.68,False,True,0.13000000000000966,1,True,33.517296
270,then,then,120.679999,120.789999,False,True,0.10999999999999943,1,True,32.358013
271,I,i,120.79,120.86,False,True,0.06999999999999318,1,True,35.254982
272,start,start,120.87,121.32,False,True,0.44999999999998863,1,True,34.729313
273,to,to,121.4,121.52,False,True,0.11999999999999034,1,True,38.625397
274,make,make,121.52,121.79,False,True,0.27000000000001023,1,True,36.646297
275,it,it,121.79,121.96,False,True,0.1699999999999875,1,True,36.492783
276,better,better,122.839999,123.289999,False,True,0.44999999999998863,1,True,32.77204
277,by,by,126.109999,126.279999,False,True,0.1700000000000017,1,True,31.14275
278,adding,adding,126.31,126.55,False,True,0.23999999999999488,1,True,33.770374
279,an,an,126.55,126.67,False,True,0.12000000000000455,1,True,35.58703
280,element,element,126.68,127.28,False,True,0.5999999999999943,1,True,34.805763
281,of,of,127.4,127.55,False,True,0.14999999999999147,1,True,33.014458
282,embellishment,embellishment,127.55,128.09,False,True,0.5400000000000063,2,True,24.768353
283,Reporters,reporters,129.24,129.84,False,True,0.5999999999999943,2,True,26.594328
284,call,call,129.84,130.16,False,True,0.3199999999999932,1,True,34.051365
285,this,this,130.16,130.77,False,True,0.6100000000000136,1,True,32.22796
286,making,making,131.27,131.78,False,True,0.5099999999999909,1,True,35.49774
287,shit,shit,131.78,132.11,False,True,0.3300000000000125,1,True,40.217484
288,up,up,132.11,132.47000000000003,False,True,0.36000000000001364,1,True,30.442316
289,And,and,135.5,135.69,False,True,0.18999999999999773,1,True,30.48147
290,they,they,135.69,135.81,False,True,0.12000000000000455,1,True,34.708168
291,recommend,recommend,135.809999,136.57999900000002,False,True,0.7700000000000102,1,True,33.235878
292,against,against,136.67,137.33999999999995,False,True,0.6699999999999591,1,True,32.528538
293,crossing,crossing,137.34,137.77,False,True,0.4300000000000068,1,True,38.180122
294,that,that,137.77,137.96,False,True,0.18999999999999773,1,True,37.968616
295,line,line,137.96,138.35,False,True,0.38999999999998636,1,True,33.187153
296,But,but,139.95,140.22,False,True,0.27000000000001023,1,True,31.71565
297,I,i,140.219999,140.319999,False,True,0.09999999999999432,1,True,36.28959
298,had,had,140.33,140.51000000000002,False,True,0.18000000000000682,1,True,33.88316
299,just,just,140.509999,140.669999,False,True,0.1599999999999966,1,True,34.769325
300,seen,seen,140.67,141.13,False,True,0.46000000000000796,1,True,30.179441
301,the,the,141.45,141.64,False,True,0.18999999999999773,1,True,30.769718
302,line,line,141.639999,142.049999,False,True,0.410000000000025,1,True,37.105495
303,crossed,crossed,142.09,142.62,False,True,0.5300000000000011,1,True,33.614994
304,between,between,142.639999,143.069999,False,True,0.4300000000000068,1,True,30.375141
305,a,a,143.119999,143.189999,False,True,0.06999999999999318,1,True,32.5561
306,high,high,143.190001,143.39000099999998,False,True,0.19999999999998863,1,True,38.38362
307,powered,powered,143.389999,143.699999,False,True,0.3100000000000023,1,True,32.181877
308,dean,dean,143.709999,144.189999,False,True,0.47999999999998977,1,True,33.784748
309,and,and,144.57,144.70999999999998,False,True,0.13999999999998636,1,True,30.299608
310,assault,assault,144.72,145.03,False,True,0.3100000000000023,1,True,36.19194
311,with,with,145.03,145.15,False,True,0.12000000000000455,1,True,36.06201
312,a,a,145.15,145.19,False,True,0.03999999999999204,1,True,38.402485
313,pastry,pastry,145.19,145.84,False,True,0.6500000000000057,1,True,35.22219
314,and,and,146.85,146.98,False,True,0.12999999999999545,1,True,30.950775
315,I,i,146.98,147.06,False,True,0.0800000000000125,1,True,35.701023
316,kind,kind,147.06,147.26,False,True,0.19999999999998863,1,True,38.457504
317,of,of,147.26,147.39,False,True,0.12999999999999545,1,True,37.32912
318,liked,liked,147.39,147.64999999999998,False,True,0.2599999999999909,1,True,35.54334
319,it,it,147.65,147.86,False,True,0.21000000000000796,1,True,33.23482
320,So,so,148.77,148.91,False,True,0.13999999999998636,1,True,31.93519
321,the,the,148.91,149.02,False,True,0.11000000000001364,1,True,30.738932
322,first,first,149.02,149.22,False,True,0.19999999999998863,1,True,33.002056
323,I,i,149.39,149.44,False,True,0.05000000000001137,1,True,34.1602
324,did,did,149.44,149.93,False,True,0.4900000000000091,1,True,34.588818
325,was,was,150.36,150.51000000000002,False,True,0.15000000000000568,1,True,32.985527
326,I,i,150.51,150.57,False,True,0.060000000000002274,1,True,32.783745
327,gave,gave,150.57,150.79,False,True,0.21999999999999886,1,True,31.59881
328,the,the,150.79,150.86,False,True,0.0700000000000216,1,True,31.611359
329,figure,figure,150.86,151.21,False,True,0.3499999999999943,1,True,35.9063
330,a,a,151.21,151.29000000000002,False,True,0.0800000000000125,1,True,37.032833
331,name,name,151.29,151.87,False,True,0.5800000000000125,1,True,32.700943
332,I,i,152.139999,152.219999,False,True,0.0800000000000125,1,True,33.840424
333,called,called,152.22,152.42,False,True,0.19999999999998863,1,True,32.165382
334,him,him,152.42,152.51999999999998,False,True,0.09999999999999432,1,True,29.363848
335,Pie,pie,152.52,152.82000000000002,False,True,0.30000000000001137,1,True,36.633163
336,Man,man,152.849999,153.159999,False,True,0.3100000000000023,1,True,32.66509
337,capital,capital,153.16,153.49,False,True,0.3300000000000125,1,True,33.766445
338,P,p,153.5,153.92,False,True,0.4199999999999875,1,True,36.661205
339,capital,capital,153.99,154.37,False,True,0.37999999999999545,1,True,30.184752
340,M,m,154.389999,154.819999,False,True,0.4300000000000068,1,True,31.871395
341,And,and,155.509999,155.659999,False,True,0.15000000000000568,1,True,32.595585
342,I,i,155.66,155.72,False,True,0.060000000000002274,1,True,33.9608
343,described,described,155.719999,156.169999,False,True,0.44999999999998863,1,True,31.178463
344,him,him,156.17,156.28,False,True,0.11000000000001364,1,True,34.44407
345,as,as,156.28,156.39,False,True,0.10999999999998522,1,True,33.078568
346,a,a,156.389999,156.479999,False,True,0.09000000000000341,1,True,33.03458
347,cape,cape,156.48,156.79,False,True,0.3100000000000023,1,True,44.23617
348,wearing,wearing,156.799999,157.209999,False,True,0.4099999999999966,1,True,32.56012
349,masked,masked,157.21,157.73000000000002,False,True,0.5200000000000102,1,True,33.9477
350,avenger,<unk>,157.78,158.38,True,True,0.5999999999999943,2,True,27.018875
351,Though,though,159.889999,159.98999899999998,False,True,0.09999999999999432,1,True,31.18436
352,in,in,159.99,160.10000000000002,False,True,0.11000000000001364,1,True,31.8161
353,fact,fact,160.1,160.36,False,True,0.2600000000000193,1,True,30.71694
354,he’d,he'd,160.359999,160.479999,False,True,0.12000000000000455,4,True,26.720146
355,been,been,160.48,160.63,False,True,0.15000000000000568,1,True,32.766727
356,capeless,<unk>,160.629999,161.149999,True,True,0.5200000000000102,2,True,30.288725
357,And,and,162.00999900000002,162.039999,False,True,0.029999999999972715,1,True,31.070427
358,said,said,162.209999,162.369999,False,True,0.1599999999999966,1,True,31.49228
359,that,that,162.369999,162.44999900000002,False,True,0.0800000000000125,1,True,30.133833
360,as,as,162.45,162.57999999999998,False,True,0.12999999999999545,1,True,32.48474
361,he,he,162.58,162.68,False,True,0.09999999999999432,1,True,32.265736
362,fled,fled,162.68,162.96,False,True,0.28000000000000114,1,True,34.713104
363,the,the,162.96,163.05,False,True,0.09000000000000341,1,True,32.837494
364,scene,scene,163.05,163.57000000000002,False,True,0.5200000000000102,1,True,32.506638
365,he,he,163.92,164.17,False,True,0.25,1,True,33.168034
366,clicked,clicked,164.17,164.51999999999998,False,True,0.3499999999999943,1,True,34.974773
367,his,his,164.52,164.70000000000002,False,True,0.18000000000000682,1,True,35.460144
368,heels,heels,164.71,165.17000000000002,False,True,0.46000000000000796,1,True,37.379894
369,in,in,165.17,165.29999999999998,False,True,0.12999999999999545,1,True,38.55687
370,rakish,<unk>,165.3,165.67000000000002,True,True,0.37000000000000455,3,True,29.922285
371,glee,glee,165.7,166.08999999999995,False,True,0.38999999999995794,2,True,28.849628
372,And,and,169.17,169.30999999999997,False,True,0.13999999999998636,1,True,33.053493
373,I,i,169.31,169.37,False,True,0.060000000000002274,1,True,33.802063
374,gave,gave,169.38,169.57999999999998,False,True,0.19999999999998863,1,True,31.884623
375,him,him,169.58,169.70000000000002,False,True,0.12000000000000455,1,True,31.55337
376,a,a,169.7,169.76999999999998,False,True,0.06999999999999318,1,True,36.850525
377,catchphrase,<unk>,169.77,170.44,True,True,0.6699999999999875,2,True,29.714682
378,in,in,171.639999,171.849999,False,True,0.21000000000000796,1,True,34.462418
379,Latin,latin,171.849999,172.289999,False,True,0.4399999999999977,1,True,35.52549
380,I,i,175.67,175.78,False,True,0.11000000000001364,1,True,33.262283
381,said,said,175.78,175.98,False,True,0.19999999999998863,1,True,30.626394
382,that,that,175.98,176.07,False,True,0.09000000000000341,1,True,31.328363
383,he,he,176.07,176.14,False,True,0.06999999999999318,1,True,31.188215
384,cried,cried,176.139999,176.52999899999998,False,True,0.38999999999998636,1,True,33.079067
385,out,out,176.53,176.83,False,True,0.30000000000001137,1,True,33.12273
386,Ego,ego,177.95000000000002,177.98000000000002,False,True,0.030000000000001137,2,True,32.438942
387,sum,sum,177.98000000000002,178.24,False,True,0.2599999999999909,1,True,35.976562
388,non,non,178.56,179.08,False,True,0.5200000000000102,1,True,38.288364
389,an,an,179.09,179.13000000000002,False,True,0.040000000000020464,1,True,38.502064
390,bestia,<unk>,179.690001,180.340001,True,True,0.6500000000000057,2,True,28.486176
391,which,which,181.73,181.94,False,True,0.21000000000000796,1,True,33.576378
392,means,means,181.94,182.21,False,True,0.27000000000001023,1,True,31.976189
393,I,i,182.25,182.85,False,True,0.5999999999999943,1,True,34.96565
394,am,am,182.97,183.21,False,True,0.2400000000000091,1,True,33.11052
395,not,not,183.21,183.57,False,True,0.3599999999999852,1,True,35.93466
396,an,an,183.77,184.0,False,True,0.22999999999998977,1,True,35.418427
397,animal,animal,184.02,184.95,False,True,0.9299999999999784,1,True,31.824997
398,Which,which,186.11,186.4,False,True,0.28999999999999204,1,True,31.236313
399,makes,makes,186.4,186.86,False,True,0.46000000000000796,1,True,32.60183
400,no,no,186.94,187.36,False,True,0.4200000000000159,1,True,33.459293
401,sense,sense,187.36,187.83,False,True,0.46999999999999886,1,True,34.73108
402,I,i,189.84,189.97,False,True,0.12999999999999545,1,True,35.096214
403,needed,needed,189.969999,190.299999,False,True,0.3300000000000125,1,True,33.484055
404,something,something,190.3,190.88,False,True,0.5799999999999841,1,True,36.61414
405,I’m,i'm,191.52,191.73,False,True,0.20999999999997954,4,True,25.958399
406,Catholic,catholic,191.73,192.28,False,True,0.5500000000000114,1,True,35.291996
407,Latin,latin,192.29,192.66,False,True,0.37000000000000455,1,True,36.387947
408,just,just,192.66,192.85,False,True,0.18999999999999773,1,True,36.461082
409,comes,comes,192.849999,193.129999,False,True,0.28000000000000114,1,True,37.65174
410,to,to,193.13,193.2,False,True,0.06999999999999318,1,True,33.80266
411,me,me,193.2,193.55,False,True,0.35000000000002274,1,True,34.161
412,So,so,195.45,195.58,False,True,0.13000000000002387,1,True,33.133842
413,I,i,195.58,195.65,False,True,0.06999999999999318,1,True,35.089985
414,finish,finish,195.65,195.92,False,True,0.2699999999999818,1,True,36.876877
415,my,my,195.94,196.05,False,True,0.11000000000001364,1,True,32.76849
416,story,story,196.049999,196.449999,False,True,0.39999999999997726,1,True,33.774685
417,and,and,196.609999,196.719999,False,True,0.11000000000001364,1,True,34.870903
418,I,i,196.719999,196.769999,False,True,0.05000000000001137,1,True,36.57944
419,hand,hand,196.77,196.93,False,True,0.1599999999999966,1,True,39.587543
420,it,it,196.93,196.95,False,True,0.01999999999998181,1,True,36.048473
421,to,nan,,,False,False,,1,True,31.779373
422,Dwyer,<unk>,196.949999,197.609999,True,True,0.6599999999999966,2,True,28.881212
423,and,and,197.719999,197.839999,False,True,0.12000000000000455,1,True,35.075054
424,he,he,197.84,197.92,False,True,0.07999999999998408,1,True,34.787724
425,reads,reads,197.92,198.17,False,True,0.25,1,True,34.623116
426,and,and,198.17,198.3,False,True,0.13000000000002387,1,True,36.66155
427,he,he,198.299999,198.449999,False,True,0.14999999999997726,1,True,33.8293
428,says,says,198.45,198.78,False,True,0.3300000000000125,1,True,32.566406
429,Pie,pie,199.41,199.67,False,True,0.2599999999999909,1,True,29.928755
430,Man,man,199.71,200.17,False,True,0.45999999999997954,1,True,31.642328
431,I,i,201.08,201.19000000000003,False,True,0.11000000000001364,1,True,33.882656
432,love,love,201.2,201.5,False,True,0.30000000000001137,1,True,34.632927
433,it,it,201.5,201.62,False,True,0.12000000000000455,1,True,34.158203
434,Page,page,201.77,202.06,False,True,0.28999999999999204,1,True,39.91098
435,one,one,202.06,202.41,False,True,0.3499999999999943,1,True,40.308968
436,And,and,204.54,204.78,False,True,0.2400000000000091,1,True,32.846825
437,that’s,that's,204.78,205.34,False,True,0.5600000000000023,4,True,26.01427
438,how,how,205.39,205.61,False,True,0.22000000000002728,1,True,30.735912
439,the,the,205.61,205.73,False,True,0.11999999999997613,1,True,31.096256
440,first,first,205.73,206.13,False,True,0.4000000000000057,1,True,34.02219
441,line,line,206.13,206.64,False,True,0.5099999999999909,1,True,36.04337
442,got,got,206.88,207.14,False,True,0.2599999999999909,1,True,37.643013
443,crossed,crossed,207.139999,207.769999,False,True,0.6300000000000239,1,True,33.656128
444,A,a,209.5,209.55,False,True,0.05000000000001137,1,True,33.269245
445,few,few,209.55,209.75,False,True,0.19999999999998863,1,True,29.343344
446,days,days,209.75,209.96,False,True,0.21000000000000796,1,True,31.106123
447,later,later,209.96,210.21,False,True,0.25,1,True,32.26219
448,I,i,210.21,210.26,False,True,0.04999999999998295,1,True,35.2053
449,get,get,210.259999,210.379999,False,True,0.12000000000000455,1,True,36.555523
450,a,a,210.38,210.43,False,True,0.05000000000001137,1,True,34.63734
451,letter,letter,210.429999,210.969999,False,True,0.539999999999992,1,True,36.87625
452,It,it,212.02,212.18,False,True,0.1599999999999966,1,True,35.125187
453,says,says,212.179999,212.429999,False,True,0.25,1,True,33.2351
454,Dear,dear,212.429999,212.629999,False,True,0.19999999999998863,1,True,33.26471
455,Jim,jim,212.67,213.06,False,True,0.3900000000000148,1,True,33.165466
456,good,good,213.49,213.67,False,True,0.1799999999999784,1,True,37.548054
457,story,story,213.67,214.19,False,True,0.5200000000000102,1,True,34.831215
458,Nice,nice,214.25,214.62,False,True,0.37000000000000455,1,True,35.332855
459,details,details,214.67,215.56,False,True,0.8900000000000148,1,True,31.79311
460,If,if,216.309999,216.469999,False,True,0.1599999999999966,1,True,32.45319
461,you,you,216.47,216.58,False,True,0.11000000000001364,1,True,35.90228
462,want,want,216.58,216.75,False,True,0.1699999999999875,1,True,36.003086
463,to,to,216.75,216.82,False,True,0.06999999999999318,1,True,36.21049
464,see,see,216.84,217.11,False,True,0.27000000000001023,1,True,32.72733
465,me,me,217.11,217.36,False,True,0.25,1,True,36.140156
466,again,again,217.36,217.94000000000003,False,True,0.5800000000000125,1,True,33.665527
467,in,in,218.0,218.21,False,True,0.21000000000000796,1,True,34.21139
468,action,action,218.21,218.82,False,True,0.6099999999999852,1,True,32.448593
469,be,be,219.58,219.75,False,True,0.1699999999999875,1,True,36.986435
470,on,on,219.75,219.84,False,True,0.09000000000000341,1,True,38.342533
471,the,the,219.84,219.92,False,True,0.07999999999998408,1,True,38.380722
472,steps,steps,219.93,220.25,False,True,0.3199999999999932,1,True,34.47491
473,of,of,220.25,220.4,False,True,0.15000000000000568,1,True,32.72389
474,Duane,duane,220.4,220.75,False,True,0.3499999999999943,2,True,36.475986
475,Library,library,220.75,221.31,False,True,0.5600000000000023,1,True,34.199394
476,Tuesday,tuesday,221.33,221.96,False,True,0.6299999999999955,1,True,31.536963
477,at,at,222.01,222.18,False,True,0.17000000000001592,1,True,29.86773
478,3,<unk>,222.18,222.46,True,True,0.28000000000000114,1,True,29.449179
479,o’clock,o'clock,222.46,222.97,False,True,0.5099999999999909,4,True,26.76802
480,signed,signed,224.15,225.0,False,True,0.8499999999999943,1,True,31.819996
481,Pie,pie,225.4,225.7,False,True,0.29999999999998295,1,True,29.311571
482,Man,man,225.7,226.07,False,True,0.37000000000000455,1,True,29.097994
483,So,so,229.13,229.35,False,True,0.21999999999999886,1,True,32.847828
484,I,i,229.349999,229.439999,False,True,0.09000000000000341,1,True,36.469337
485,was,was,229.44,229.66,False,True,0.21999999999999886,1,True,35.722507
486,there,there,229.66,230.53,False,True,0.8700000000000045,1,True,37.246883
487,with,with,230.94,231.1,False,True,0.1599999999999966,1,True,32.225212
488,a,a,231.099999,231.159999,False,True,0.060000000000002274,1,True,35.627716
489,photographer,photographer,231.16,231.8,False,True,0.6400000000000148,1,True,35.71206
490,from,from,231.799999,231.969999,False,True,0.1699999999999875,1,True,34.13737
491,the,the,231.969999,232.019999,False,True,0.05000000000001137,1,True,30.253693
492,Ram,ram,232.02,232.1,False,True,0.07999999999998408,1,True,36.47703
493,And,and,233.279999,233.359999,False,True,0.07999999999998408,1,True,32.740215
494,sure,sure,233.359999,233.539999,False,True,0.18000000000000682,1,True,35.27582
495,enough,enough,233.539999,233.889999,False,True,0.3499999999999943,1,True,33.594387
496,out,out,234.27,234.47,False,True,0.19999999999998863,1,True,39.61085
497,comes,comes,234.469999,234.679999,False,True,0.21000000000000796,1,True,30.590763
498,Sheila,sheila,234.690001,235.190001,False,True,0.5,1,True,32.895176
499,Beale,nan,,,False,False,,2,True,27.062868
500,student,student,235.88,236.33,False,True,0.45000000000001705,1,True,37.886677
501,body,body,236.33,236.61,False,True,0.28000000000000114,1,True,38.459156
502,president,president,236.62,237.29,False,True,0.6699999999999875,1,True,31.903622
503,And,and,238.13,238.26,False,True,0.12999999999999545,1,True,34.371906
504,now,now,238.26,238.33,False,True,0.0700000000000216,1,True,32.286552
505,Sheila,sheila,238.33,238.64,False,True,0.30999999999997385,1,True,31.155554
506,was,was,238.65,238.88,False,True,0.22999999999998977,1,True,32.70066
507,different,different,238.88,239.24,False,True,0.36000000000001364,1,True,35.395737
508,from,from,239.24,239.46,False,True,0.21999999999999886,1,True,33.393486
509,me,me,239.46,239.94,False,True,0.47999999999998977,1,True,34.98577
510,and,and,240.39,240.62,False,True,0.2300000000000182,1,True,34.07512
511,all,all,240.62,240.84,False,True,0.21999999999999886,1,True,38.00945
512,the,the,240.85,240.95,False,True,0.09999999999999432,1,True,32.025467
513,other,other,240.95,241.12,False,True,0.17000000000001592,1,True,32.868504
514,Fordham,fordham,241.12,241.5,False,True,0.37999999999999545,2,True,28.68525
515,students,students,241.5,241.85,False,True,0.3499999999999943,1,True,34.418724
516,who,who,241.85,241.95,False,True,0.09999999999999432,1,True,32.2337
517,wore,wore,241.95,242.17,False,True,0.21999999999999886,1,True,35.86321
518,flannel,flannel,242.17,242.6,False,True,0.4300000000000068,2,True,30.914074
519,shirts,shirts,242.599999,242.939999,False,True,0.3400000000000034,1,True,32.852203
520,and,and,242.94,243.08,False,True,0.14000000000001478,1,True,33.71591
521,worked,worked,243.08,243.29,False,True,0.20999999999997954,1,True,37.164394
522,part,part,243.29,243.53,False,True,0.2400000000000091,1,True,33.75426
523,time,time,243.53,243.77,False,True,0.2400000000000091,1,True,35.538094
524,jobs,jobs,243.77,244.21,False,True,0.4399999999999977,1,True,33.574444
525,Sheila,sheila,244.96,245.36,False,True,0.4000000000000057,1,True,32.697334
526,was,was,245.41,245.98,False,True,0.5699999999999932,1,True,33.93493
527,well,well,246.16,246.53,False,True,0.37000000000000455,1,True,41.579227
528,bred,bred,246.54,247.1,False,True,0.5600000000000023,1,True,34.899387
529,Sheila,sheila,247.45,247.83,False,True,0.3800000000000239,1,True,33.63103
530,had,had,247.84,248.34,False,True,0.5,1,True,33.9349
531,school,school,248.549999,249.079999,False,True,0.5299999999999727,1,True,43.52858
532,spirit,spirit,249.089999,249.649999,False,True,0.5600000000000023,1,True,31.938995
533,Sheila,sheila,251.75,252.09,False,True,0.3400000000000034,1,True,32.778057
534,was,was,252.1,252.25,False,True,0.15000000000000568,1,True,32.399113
535,the,the,252.25,252.34,False,True,0.09000000000000341,1,True,33.65632
536,kind,kind,252.34,252.52,False,True,0.18000000000000682,1,True,36.42029
537,of,of,252.52,252.63,False,True,0.10999999999998522,1,True,33.149227
538,student,student,252.63,252.92,False,True,0.28999999999999204,1,True,35.82453
539,that,that,252.889999,253.029999,False,True,0.14000000000001478,1,True,33.56901
540,Dean,dean,253.03,253.24,False,True,0.21000000000000796,1,True,28.43706
541,McGown,<unk>,253.24,253.63,True,True,0.38999999999998636,2,True,25.13881
542,wanted,wanted,253.63,253.92,False,True,0.28999999999999204,1,True,36.973404
543,more,more,253.92,254.21,False,True,0.29000000000002046,1,True,36.17885
544,of,of,254.21,254.64,False,True,0.4299999999999784,1,True,32.383568
545,Although,although,255.86,256.19,False,True,0.3299999999999841,1,True,31.308533
546,rumor,rumor,256.19,256.58,False,True,0.38999999999998636,1,True,39.859524
547,had,had,256.58,256.89,False,True,0.3100000000000023,1,True,41.739037
548,it,it,256.89,257.06,False,True,0.17000000000001592,1,True,32.735176
549,that,that,257.11,257.29,False,True,0.18000000000000682,1,True,30.276318
550,he,he,257.29,257.42,False,True,0.12999999999999545,1,True,32.673138
551,got,got,257.42,257.57,False,True,0.14999999999997726,1,True,36.304375
552,plenty,plenty,257.58,257.89,False,True,0.3100000000000023,1,True,36.90316
553,of,of,257.89,258.04,False,True,0.1500000000000341,1,True,35.942497
554,her,her,258.04,258.39000000000004,False,True,0.35000000000002274,1,True,36.603622
555,in,in,258.44,258.59,False,True,0.14999999999997726,1,True,33.52794
556,his,his,258.59,258.73999999999995,False,True,0.14999999999997726,1,True,34.51395
557,office,office,258.74,259.36,False,True,0.6200000000000045,1,True,34.260212
558,on,on,259.44,259.64,False,True,0.19999999999998863,1,True,34.727077
559,his,his,259.64,259.76,False,True,0.12000000000000455,1,True,38.305206
560,desk,desk,259.76,260.08,False,True,0.3199999999999932,1,True,33.16338
561,But,but,262.25,262.39,False,True,0.13999999999998636,1,True,32.21368
562,that’s,that's,262.389999,262.559999,False,True,0.17000000000001592,4,True,26.77973
563,just,just,262.559999,262.759999,False,True,0.19999999999998863,1,True,35.81222
564,a,a,262.76,262.82,False,True,0.060000000000002274,1,True,38.072758
565,rumor,rumor,262.82,263.07,False,True,0.25,1,True,33.7158
566,please,please,263.07,263.32,False,True,0.25,1,True,34.492928
567,do,do,263.32,263.46,False,True,0.13999999999998636,1,True,37.551647
568,not,not,263.46,263.66,False,True,0.20000000000004547,1,True,38.409584
569,spread,spread,263.66,263.93,False,True,0.2699999999999818,1,True,36.31748
570,it,it,263.929999,264.08999900000003,False,True,0.160000000000025,1,True,35.5791
571,outside,outside,264.17,264.53000000000003,False,True,0.36000000000001364,1,True,34.366234
572,this,this,264.53,264.69,False,True,0.160000000000025,1,True,33.876225
573,rumor,rumor,264.69,265.01,False,True,0.3199999999999932,1,True,39.444477
574,I,i,266.099999,266.249999,False,True,0.14999999999997726,1,True,34.810043
575,myself,myself,266.25,266.66,False,True,0.410000000000025,1,True,34.64608
576,would,would,266.66,266.8,False,True,0.13999999999998636,1,True,35.249393
577,never,never,266.799999,267.099999,False,True,0.30000000000001137,1,True,35.385887
578,say,say,267.099999,267.299999,False,True,0.19999999999998863,1,True,36.65826
579,that,that,267.299999,267.52999900000003,False,True,0.2300000000000182,1,True,34.96874
580,But,but,268.51,268.67,False,True,0.160000000000025,1,True,31.838572
581,the,the,268.67,268.75,False,True,0.07999999999998408,1,True,30.97362
582,fact,fact,268.75,269.09,False,True,0.339999999999975,1,True,36.8028
583,was,was,269.09,269.54,False,True,0.4500000000000455,1,True,32.53902
584,Sheila,sheila,269.6,269.96000000000004,False,True,0.36000000000001364,1,True,32.02888
585,had,had,270.0,270.18,False,True,0.18000000000000682,1,True,33.029324
586,collaborated,collaborated,270.18,270.84000000000003,False,True,0.660000000000025,1,True,37.439613
587,with,with,270.84,270.95,False,True,0.11000000000001364,1,True,30.312466
588,the,the,270.95,271.03,False,True,0.07999999999998408,1,True,30.973309
589,Dean,dean,271.03,271.54,False,True,0.5100000000000477,1,True,34.305008
590,to,to,271.82,271.97,False,True,0.1500000000000341,1,True,35.507835
591,ban,ban,271.97,272.48,False,True,0.5099999999999909,1,True,35.95396
592,outdoor,outdoor,272.57,273.09,False,True,0.5199999999999818,1,True,41.425343
593,drinking,drinking,273.09,273.57,False,True,0.4800000000000182,1,True,39.93532
594,on,on,273.58,273.81,False,True,0.2300000000000182,1,True,34.053402
595,campus,campus,273.81,274.46,False,True,0.6499999999999773,1,True,32.253452
596,The,the,274.79,274.96000000000004,False,True,0.17000000000001592,1,True,30.173464
597,infamous,infamous,274.96,275.42,False,True,0.4600000000000364,1,True,30.583988
598,no,no,275.43,275.67,False,True,0.2400000000000091,1,True,39.139633
599,more,more,275.67,276.02000000000004,False,True,0.35000000000002274,1,True,33.0133
600,beer,beer,276.08,276.43,False,True,0.35000000000002274,1,True,34.337406
601,at,at,276.45,276.59,False,True,0.13999999999998636,1,True,32.25426
602,barbecues,barbecues,276.59,277.14,False,True,0.5500000000000114,3,True,26.729446
603,rule,rule,277.14,277.42,False,True,0.28000000000002956,1,True,32.037716
604,That’s,that's,277.49,277.69,False,True,0.19999999999998863,4,True,26.456417
605,right,right,277.69,277.94,False,True,0.25,1,True,33.476337
606,boo,boo,277.98,278.17,False,True,0.18999999999999773,1,True,38.80189
607,that,that,278.17,278.40000000000003,False,True,0.2300000000000182,1,True,33.958496
608,rule,rule,278.4,278.79999999999995,False,True,0.39999999999997726,1,True,33.21381
609,Sheila,sheila,281.389999,281.729999,False,True,0.34000000000003183,1,True,31.353628
610,thought,thought,281.73,281.91,False,True,0.18000000000000682,1,True,34.352657
611,drinking,drinking,281.92,282.26,False,True,0.339999999999975,1,True,36.070488
612,in,in,282.259999,282.389999,False,True,0.12999999999999545,1,True,37.345024
613,public,public,282.389999,282.849999,False,True,0.4600000000000364,1,True,37.33667
614,was,was,283.2,283.38,False,True,0.18000000000000682,1,True,35.28771
615,in,in,283.38,283.54,False,True,0.160000000000025,1,True,38.633396
616,poor,poor,283.54,283.85,False,True,0.3100000000000023,1,True,41.64585
617,taste,taste,283.849999,284.57999900000004,False,True,0.7300000000000182,1,True,30.761246
618,I,i,286.4,286.52,False,True,0.12000000000000455,1,True,34.446358
619,think,think,286.52,286.75,False,True,0.2300000000000182,1,True,31.361183
620,you,you,286.75,286.87,False,True,0.12000000000000455,1,True,34.378185
621,know,know,286.879999,287.409999,False,True,0.5300000000000296,1,True,34.055305
622,what,what,287.43,287.62,False,True,0.18999999999999773,1,True,34.8714
623,happened,happened,287.629999,288.009999,False,True,0.37999999999999545,1,True,35.15114
624,next,next,288.079999,288.589999,False,True,0.5099999999999909,1,True,31.625784
625,Pie,pie,290.24,290.46000000000004,False,True,0.22000000000002728,1,True,31.110039
626,Man,man,290.5,290.67,False,True,0.17000000000001592,1,True,29.627882
627,emerged,emerged,290.67,291.38,False,True,0.7099999999999795,1,True,34.53721
628,from,from,292.04,292.23,False,True,0.18999999999999773,1,True,33.21963
629,behind,behind,292.23,292.47,False,True,0.2400000000000091,1,True,33.49818
630,the,the,292.47,292.57000000000005,False,True,0.10000000000002274,1,True,34.353287
631,late,late,292.57,292.87,False,True,0.30000000000001137,1,True,41.926956
632,night,night,292.87,293.14,False,True,0.2699999999999818,1,True,36.529915
633,library,library,293.18,293.64,False,True,0.45999999999997954,1,True,38.9299
634,drop,drop,293.64,293.97,False,True,0.3300000000000409,1,True,40.01014
635,box,box,293.98,294.41,False,True,0.4300000000000068,1,True,32.769806
636,made,made,294.74,294.99,False,True,0.25,1,True,36.771385
637,his,his,294.99,295.15000000000003,False,True,0.160000000000025,1,True,36.757385
638,delivery,delivery,295.15,295.77,False,True,0.6200000000000045,1,True,35.777878
639,and,and,296.0,296.12,False,True,0.12000000000000455,1,True,34.827194
640,fled,fled,296.12,296.38,False,True,0.2599999999999909,1,True,36.399334
641,away,away,296.38,296.79,False,True,0.410000000000025,1,True,33.42563
642,crying,crying,297.86,298.38,False,True,0.5199999999999818,1,True,36.235313
643,Ego,ego,298.57,298.92,False,True,0.35000000000002274,2,True,26.877272
644,sum,sum,298.92,299.45,False,True,0.5299999999999727,1,True,33.036453
645,non,non,299.73,300.17,False,True,0.4399999999999977,1,True,34.33307
646,an,an,300.179999,300.199999,False,True,0.01999999999998181,1,True,37.365173
647,bestia,<unk>,300.2,300.49,True,True,0.29000000000002046,2,True,25.8427
648,Or,or,303.679999,303.979999,False,True,0.30000000000001137,1,True,33.970478
649,at,at,304.25,304.41,False,True,0.160000000000025,1,True,32.21468
650,least,least,304.41,304.63000000000005,False,True,0.22000000000002728,1,True,33.870647
651,that’s,that's,304.629999,304.849999,False,True,0.22000000000002728,4,True,28.29173
652,what,what,304.85,304.96000000000004,False,True,0.11000000000001364,1,True,33.0026
653,it,it,304.959999,305.049999,False,True,0.09000000000003183,1,True,37.10085
654,said,said,305.049999,305.27999900000003,False,True,0.2300000000000182,1,True,36.100525
655,in,in,305.279999,305.379999,False,True,0.10000000000002274,1,True,36.174225
656,my,my,305.379999,305.559999,False,True,0.18000000000000682,1,True,33.305218
657,story,story,305.559999,305.879999,False,True,0.3199999999999932,1,True,33.146526
658,in,in,305.879999,305.919999,False,True,0.040000000000020464,1,True,35.612637
659,the,the,305.93,306.02,False,True,0.08999999999997499,1,True,33.33318
660,newspaper,newspaper,306.05,306.51,False,True,0.45999999999997954,1,True,34.17517
661,the,the,306.51,306.6,False,True,0.09000000000003183,1,True,31.533108
662,next,next,306.6,306.81,False,True,0.20999999999997954,1,True,29.549492
663,day,day,306.81,307.14,False,True,0.3299999999999841,1,True,32.01407
664,which,which,308.24,308.53000000000003,False,True,0.29000000000002046,1,True,35.141674
665,ran,ran,308.53,308.80999999999995,False,True,0.2799999999999727,1,True,37.04957
666,with,with,308.81,308.95,False,True,0.13999999999998636,1,True,33.208992
667,a,a,308.95,309.01,False,True,0.060000000000002274,1,True,36.977585
668,photo,photo,309.01,309.72,False,True,0.7100000000000364,1,True,40.16677
669,of,of,309.9,310.09,False,True,0.18999999999999773,1,True,30.195889
670,him,him,310.09,310.45,False,True,0.36000000000001364,1,True,33.88109
671,leaving,leaving,310.99,311.40000000000003,False,True,0.410000000000025,1,True,35.839188
672,the,the,311.4,311.48999999999995,False,True,0.08999999999997499,1,True,32.07651
673,scene,scene,311.49,311.93,False,True,0.4399999999999977,1,True,32.72901
674,cape,cape,311.99,312.40000000000003,False,True,0.410000000000025,1,True,39.303905
675,flowing,flowing,312.4,312.85,False,True,0.4500000000000455,1,True,34.91653
676,behind,behind,312.85,313.27000000000004,False,True,0.4200000000000159,1,True,32.39506
677,him,him,313.27,313.6,False,True,0.3300000000000409,1,True,31.738026
678,doing,doing,313.8,314.1,False,True,0.30000000000001137,1,True,37.273705
679,this,this,314.099999,314.419999,False,True,0.3199999999999932,1,True,34.76291
680,And,and,317.45,317.65,False,True,0.19999999999998863,1,True,31.644117
681,that’s,that's,317.67,318.26,False,True,0.589999999999975,4,True,26.4507
682,what,what,318.32,318.52,False,True,0.19999999999998863,1,True,33.684616
683,made,made,318.52,318.75,False,True,0.2300000000000182,1,True,32.264725
684,him,him,318.75,318.89,False,True,0.13999999999998636,1,True,37.561485
685,a,a,318.889999,318.949999,False,True,0.060000000000002274,1,True,38.249157
686,sensation,sensation,318.95,319.87,False,True,0.9200000000000159,1,True,34.005394
687,on,on,319.969999,320.159999,False,True,0.19000000000005457,1,True,34.35577
688,campus,campus,320.16,320.68,False,True,0.5199999999999818,1,True,32.59767
689,People,people,321.089999,321.329999,False,True,0.2400000000000091,1,True,36.66306
690,started,started,321.33,321.6,False,True,0.27000000000003865,1,True,34.90479
691,dressing,dressing,321.61,322.11,False,True,0.5,1,True,39.39575
692,like,like,322.109999,322.309999,False,True,0.19999999999998863,1,True,32.40664
693,him,him,322.309999,322.629999,False,True,0.3199999999999932,1,True,34.010147
694,and,and,323.1,323.19,False,True,0.08999999999997499,1,True,34.221443
695,quoting,quoting,323.190001,323.650001,False,True,0.45999999999997954,1,True,37.553673
696,him,him,323.65,323.79,False,True,0.1400000000000432,1,True,35.87816
697,in,in,323.789999,323.939999,False,True,0.14999999999997726,1,True,37.004818
698,class,class,323.940001,324.400001,False,True,0.45999999999997954,1,True,32.853092
699,The,the,324.9,325.03,False,True,0.12999999999999545,1,True,30.200235
700,Ram,ram,325.03,325.39,False,True,0.36000000000001364,1,True,34.841625
701,ran,ran,325.39,325.61,False,True,0.22000000000002728,1,True,38.207096
702,five,five,325.61,326.01,False,True,0.39999999999997726,1,True,37.992043
703,major,major,326.01,326.27,False,True,0.2599999999999909,1,True,39.85331
704,stories,stories,326.27,326.65,False,True,0.37999999999999545,1,True,37.167522
705,about,about,326.65,326.87,False,True,0.22000000000002728,1,True,30.083338
706,Pie,pie,326.87,327.1,False,True,0.2300000000000182,1,True,32.283676
707,Man,man,327.1,327.37,False,True,0.2699999999999818,1,True,33.63407
708,all,all,327.56,327.8,False,True,0.2400000000000091,1,True,37.5813
709,of,of,327.8,327.93,False,True,0.12999999999999545,1,True,31.41392
710,them,them,327.93,328.05,False,True,0.12000000000000455,1,True,35.09647
711,by,by,328.05,328.25,False,True,0.19999999999998863,1,True,33.763542
712,me,me,328.27,328.65,False,True,0.37999999999999545,1,True,32.48822
713,And,and,329.91,330.08000000000004,False,True,0.17000000000001592,1,True,31.695805
714,toward,toward,330.08,330.28,False,True,0.19999999999998863,1,True,33.582066
715,the,the,330.28,330.34,False,True,0.060000000000002274,1,True,30.246878
716,end,end,330.34,330.47,False,True,0.1300000000000523,1,True,34.21022
717,of,of,330.47,330.56,False,True,0.08999999999997499,1,True,36.09753
718,this,this,330.56,330.76,False,True,0.19999999999998863,1,True,33.52697
719,run,run,330.76,330.95,False,True,0.18999999999999773,1,True,33.1173
720,I,i,330.95,331.02,False,True,0.06999999999999318,1,True,34.767403
721,was,was,331.02,331.15,False,True,0.12999999999999545,1,True,36.109013
722,out,out,331.15,331.26,False,True,0.11000000000001364,1,True,37.49139
723,at,at,331.26,331.36,False,True,0.10000000000002274,1,True,33.15946
724,a,a,331.36,331.41,False,True,0.05000000000001137,1,True,35.328835
725,bar,bar,331.41,331.72,False,True,0.3100000000000023,1,True,38.399727
726,one,one,331.72,331.93,False,True,0.20999999999997954,1,True,33.693043
727,night,night,331.93,332.2,False,True,0.2699999999999818,1,True,36.36728
728,and,and,332.24,332.38,False,True,0.13999999999998636,1,True,35.055305
729,I,i,332.38,332.46,False,True,0.07999999999998408,1,True,36.329803
730,saw,saw,332.47,332.83000000000004,False,True,0.36000000000001364,1,True,31.433136
731,I,i,333.559999,333.759999,False,True,0.19999999999998863,1,True,34.944256
732,came,came,333.76,334.09,False,True,0.3299999999999841,1,True,35.656567
733,and,and,334.09,334.2,False,True,0.11000000000001364,1,True,36.711964
734,I,i,334.2,334.28,False,True,0.07999999999998408,1,True,35.579865
735,saw,saw,334.29,334.42,False,True,0.12999999999999545,1,True,30.901386
736,in,in,334.42,334.47,False,True,0.05000000000001137,1,True,34.535156
737,the,the,334.48,334.59000000000003,False,True,0.11000000000001364,1,True,33.88603
738,corner,corner,334.59,335.29,False,True,0.7000000000000455,1,True,37.43036
739,Angela,angela,336.53,337.05999999999995,False,True,0.5299999999999727,1,True,32.148624
740,from,from,337.08,337.29,False,True,0.21000000000003638,1,True,33.77827
741,my,my,337.29,337.41,False,True,0.12000000000000455,1,True,34.50857
742,Brit,brit,337.41,337.66,False,True,0.25,1,True,41.23757
743,Lit,lit,337.66,337.83000000000004,False,True,0.17000000000001592,1,True,36.224586
744,class,class,337.87,338.47,False,True,0.6000000000000227,1,True,34.733414
745,drinking,drinking,338.74,339.08,False,True,0.339999999999975,1,True,37.054607
746,with,with,339.08,339.21,False,True,0.12999999999999545,1,True,31.130297
747,some,some,339.21,339.37,False,True,0.160000000000025,1,True,34.09164
748,friends,friends,339.37,339.81,False,True,0.4399999999999977,1,True,34.71191
749,And,and,340.23,340.37,False,True,0.13999999999998636,1,True,34.175213
750,now,now,340.369999,340.479999,False,True,0.11000000000001364,1,True,33.25302
751,Angela,angela,340.48,340.84000000000003,False,True,0.36000000000001364,1,True,33.40313
752,and,and,340.84,340.94,False,True,0.10000000000002274,1,True,33.360806
753,I,i,340.940001,341.050001,False,True,0.11000000000001364,1,True,35.035698
754,had,had,341.059999,341.229999,False,True,0.17000000000001592,1,True,36.524105
755,been,been,341.23,341.5,False,True,0.2699999999999818,1,True,37.19171
756,flirting,flirting,341.59,342.1,False,True,0.5100000000000477,2,True,28.914682
757,for,for,342.1,342.24,False,True,0.13999999999998636,1,True,32.55955
758,two,two,342.24,342.44,False,True,0.19999999999998863,1,True,32.92016
759,months,months,342.440001,342.890001,False,True,0.44999999999998863,1,True,34.885895
760,Or,or,343.87,344.18,False,True,0.3100000000000023,1,True,35.035896
761,I,i,344.86,345.02000000000004,False,True,0.160000000000025,1,True,36.393932
762,had,had,345.02,345.18,False,True,0.160000000000025,1,True,35.241615
763,been,been,345.18,345.37,False,True,0.18999999999999773,1,True,33.67447
764,flirting,flirting,345.39,345.8,False,True,0.410000000000025,2,True,27.436901
765,with,with,345.8,345.94,False,True,0.13999999999998636,1,True,30.347307
766,her,her,345.94,346.35,False,True,0.410000000000025,1,True,35.063747
767,and,and,347.69,347.92,False,True,0.2300000000000182,1,True,33.159744
768,with,with,347.92,348.08000000000004,False,True,0.160000000000025,1,True,31.363007
769,such,such,348.09,348.46,False,True,0.37000000000000455,1,True,33.640823
770,nuance,nuance,348.58,349.32,False,True,0.7400000000000091,1,True,32.931423
771,that,that,349.34,349.54,False,True,0.20000000000004547,1,True,32.244656
772,there,there,349.65,349.81,False,True,0.160000000000025,1,True,32.12421
773,was,was,349.81,349.95,False,True,0.13999999999998636,1,True,32.131817
774,a,a,349.95,350.02,False,True,0.06999999999999318,1,True,35.833965
775,question,question,350.02,350.43,False,True,0.410000000000025,1,True,36.4131
776,about,about,350.429999,350.629999,False,True,0.19999999999998863,1,True,32.708824
777,whether,whether,350.63,350.87,False,True,0.2400000000000091,1,True,32.014435
778,she,she,350.87,351.05,False,True,0.18000000000000682,1,True,35.304306
779,knew,knew,351.05,351.3,False,True,0.25,1,True,36.437176
780,I,i,351.3,351.46000000000004,False,True,0.160000000000025,1,True,36.27205
781,existed,existed,351.469999,351.98999899999995,False,True,0.5199999999999818,1,True,32.832508
782,So,so,354.41,354.6,False,True,0.18999999999999773,1,True,33.368908
783,I,i,354.599999,354.75999900000005,False,True,0.160000000000025,1,True,36.301125
784,I,i,354.86,355.0,False,True,0.13999999999998636,1,True,35.400284
785,saw,saw,355.0,355.22,False,True,0.22000000000002728,1,True,33.037647
786,her,her,355.219999,355.399999,False,True,0.18000000000000682,1,True,35.834465
787,there,there,355.4,355.54,False,True,0.1400000000000432,1,True,35.907234
788,and,and,355.54,355.68,False,True,0.13999999999998636,1,True,35.68823
789,made,made,355.679999,355.809999,False,True,0.12999999999999545,1,True,37.314053
790,a,a,355.809999,355.859999,False,True,0.05000000000001137,1,True,39.702168
791,mental,mental,355.86,356.15000000000003,False,True,0.29000000000002046,1,True,39.16656
792,note,note,356.15,356.38,False,True,0.2300000000000182,1,True,34.871902
793,to,to,356.389999,356.519999,False,True,0.12999999999999545,1,True,35.88944
794,do,do,356.52,356.71,False,True,0.18999999999999773,1,True,35.16128
795,nothing,nothing,356.71,357.0,False,True,0.29000000000002046,1,True,38.427628
796,about,about,357.0,357.27,False,True,0.2699999999999818,1,True,32.836727
797,it,it,357.27,357.44,False,True,0.17000000000001592,1,True,34.61719
798,And,and,358.9,359.04999999999995,False,True,0.14999999999997726,1,True,34.46855
799,then,then,359.049999,359.159999,False,True,0.11000000000001364,1,True,33.760155
800,I,i,359.16,359.21000000000004,False,True,0.05000000000001137,1,True,35.49741
801,went,went,359.209999,359.389999,False,True,0.18000000000000682,1,True,36.0859
802,to,to,359.389999,359.469999,False,True,0.07999999999998408,1,True,34.60484
803,the,the,359.46999900000003,359.56999900000005,False,True,0.10000000000002274,1,True,33.428516
804,bar,bar,359.57,360.15,False,True,0.5799999999999841,1,True,37.876213
805,to,to,361.24,361.33,False,True,0.08999999999997499,1,True,37.687782
806,buy,buy,361.33,361.51,False,True,0.18000000000000682,1,True,36.343037
807,a,a,361.51,361.57,False,True,0.060000000000002274,1,True,40.629013
808,round,round,361.57,361.96,False,True,0.38999999999998636,1,True,37.054913
809,and,and,362.5,362.74,False,True,0.2400000000000091,1,True,36.618324
810,I,i,362.74,362.8,False,True,0.060000000000002274,1,True,36.85991
811,felt,felt,362.8,363.03,False,True,0.22999999999996135,1,True,35.206806
812,a,a,363.03,363.09,False,True,0.060000000000002274,1,True,35.53718
813,tap,tap,363.09,363.42,False,True,0.3300000000000409,1,True,38.727394
814,on,on,363.42,363.51,False,True,0.08999999999997499,1,True,32.30603
815,my,my,363.51,363.61,False,True,0.10000000000002274,1,True,36.933357
816,shoulder,shoulder,363.61,364.07,False,True,0.45999999999997954,1,True,36.65147
817,And,and,365.43,365.58,False,True,0.14999999999997726,1,True,35.846783
818,it,it,365.58,365.64,False,True,0.060000000000002274,1,True,35.402035
819,was,was,365.64,365.77,False,True,0.12999999999999545,1,True,32.292828
820,her,her,365.77,366.15,False,True,0.37999999999999545,1,True,35.0812
821,And,and,367.41,367.54,False,True,0.12999999999999545,1,True,33.599575
822,she,she,367.54,367.7000000000001,False,True,0.16000000000008185,1,True,35.794052
823,said,said,367.7,367.97,False,True,0.27000000000003865,1,True,34.457535
824,Jim,jim,369.349999,369.6399990000001,False,True,0.2900000000000773,1,True,35.06379
825,we,we,369.639999,369.789999,False,True,0.1500000000000341,1,True,36.63983
826,were,were,369.79,369.91,False,True,0.12000000000000455,1,True,37.620865
827,just,just,369.91,370.13000000000005,False,True,0.22000000000002728,1,True,38.832302
828,talking,talking,370.13,370.43,False,True,0.30000000000001137,1,True,36.730484
829,about,about,370.429999,370.629999,False,True,0.19999999999998863,1,True,32.680775
830,how,how,370.63,370.8,False,True,0.17000000000001592,1,True,34.033882
831,you,you,370.8,371.15,False,True,0.3499999999999659,1,True,34.98687
832,always,always,371.17,371.82,False,True,0.6499999999999773,1,True,36.1844
833,seem,seem,371.83,372.14,False,True,0.3100000000000023,1,True,36.75769
834,to,to,372.139999,372.269999,False,True,0.12999999999999545,1,True,36.513206
835,know,know,372.27,372.98,False,True,0.7100000000000364,1,True,34.596764
836,when,when,373.009999,373.749999,False,True,0.7400000000000091,1,True,33.956352
837,and,and,373.98,374.22,False,True,0.2400000000000091,1,True,33.83693
838,where,where,374.219999,374.699999,False,True,0.4800000000000182,1,True,35.451633
839,Pie,pie,374.71,375.04,False,True,0.3300000000000409,1,True,34.00798
840,Man,man,375.04,375.29,False,True,0.25,1,True,33.58427
841,will,will,375.29,375.41,False,True,0.12000000000000455,1,True,38.071777
842,strike,strike,375.41,376.03,False,True,0.6199999999999477,1,True,36.975624
843,And,and,376.969999,377.2599990000001,False,True,0.29000000000013415,1,True,33.426723
844,we,we,377.32,377.6,False,True,0.28000000000002956,1,True,36.608643
845,were,were,377.6,377.77,False,True,0.16999999999995907,1,True,35.199223
846,wondering,wondering,377.77,378.36,False,True,0.5900000000000318,1,True,32.191685
847,are,are,379.42,379.58,False,True,0.15999999999996817,1,True,34.232742
848,you,you,379.68,380.15,False,True,0.46999999999997044,1,True,36.38272
849,Pie,pie,380.35,380.66,False,True,0.3100000000000023,1,True,32.14048
850,Man,man,380.66,381.04,False,True,0.37999999999999545,1,True,35.843422
851,And,and,381.84,381.88,False,True,0.040000000000020464,1,True,33.932056
852,I,i,383.83,384.04,False,True,0.21000000000003638,1,True,36.131382
853,knew,knew,384.04,384.48,False,True,0.4399999999999977,1,True,35.60066
854,by,by,384.49,384.63,False,True,0.13999999999998636,1,True,35.89572
855,the,the,384.63,384.75,False,True,0.12000000000000455,1,True,31.05848
856,way,way,384.75,384.89,False,True,0.13999999999998636,1,True,33.569294
857,she,she,384.89,385.09,False,True,0.19999999999998863,1,True,35.87574
858,said,said,385.1,385.33,False,True,0.22999999999996135,1,True,34.551086
859,it,it,385.33,385.43,False,True,0.10000000000002274,1,True,34.703545
860,I,i,385.45,385.6,False,True,0.1500000000000341,1,True,33.964237
861,knew,knew,385.6,386.11,False,True,0.5099999999999909,1,True,34.52606
862,that,that,386.95,387.07,False,True,0.12000000000000455,1,True,33.19417
863,if,if,387.07,387.2,False,True,0.12999999999999545,1,True,31.7923
864,I,i,387.2,387.32,False,True,0.12000000000000455,1,True,36.82354
865,said,said,387.349999,387.539999,False,True,0.18999999999999773,1,True,34.601223
866,yes,yes,387.54,387.9,False,True,0.3599999999999568,1,True,35.80388
867,she,she,387.91,388.11,False,True,0.19999999999998863,1,True,33.42016
868,would,would,388.11,388.26,False,True,0.14999999999997726,1,True,37.324123
869,have,have,388.26,388.42,False,True,0.160000000000025,1,True,35.974644
870,sex,sex,388.42,388.79,False,True,0.37000000000000455,1,True,36.57746
871,with,with,388.79,388.9500000000001,False,True,0.16000000000008185,1,True,32.470993
872,me,me,388.95,389.18,False,True,0.2300000000000182,1,True,34.79929
873,And,and,392.07,392.19,False,True,0.12000000000000455,1,True,32.956
874,wasn’t,wasn't,392.91,393.15,False,True,0.23999999999995225,4,True,27.417814
875,I,i,393.15,393.33,False,True,0.18000000000000682,1,True,36.06252
876,really,really,393.38,393.93,False,True,0.5500000000000114,1,True,36.492115
877,Pie,pie,393.94,394.25,False,True,0.3100000000000023,1,True,33.14199
878,Man,man,394.37,394.81,False,True,0.4399999999999977,1,True,34.33593
879,For,for,398.76,398.99,False,True,0.2300000000000182,1,True,35.771404
880,having,having,399.0,399.35,False,True,0.35000000000002274,1,True,32.495342
881,brought,nan,,,False,False,,1,True,33.320847
882,him,him,399.75,399.91,False,True,0.160000000000025,1,True,34.717247
883,into,into,399.91,400.19,False,True,0.2799999999999727,1,True,35.813053
884,being,being,400.2,400.82,False,True,0.6200000000000045,1,True,33.277023
885,Didn’t,didn't,401.02,401.25,False,True,0.2300000000000182,4,True,28.593714
886,she,she,401.26,401.46,False,True,0.19999999999998863,1,True,34.711597
887,only,only,401.46,401.73,False,True,0.27000000000003865,1,True,34.391132
888,know,know,401.73,402.01,False,True,0.2799999999999727,1,True,33.767944
889,about,about,402.01,402.28,False,True,0.2699999999999818,1,True,30.830515
890,him,him,402.28,402.47,False,True,0.19000000000005457,1,True,33.673294
891,through,through,402.49,402.72,False,True,0.2300000000000182,1,True,33.16679
892,me,me,402.72,403.29,False,True,0.5699999999999932,1,True,33.285133
893,But,but,405.04,405.2600000000001,False,True,0.22000000000008413,1,True,32.795547
894,she,she,405.27,405.47,False,True,0.20000000000004547,1,True,33.368366
895,had,had,405.49,405.56,False,True,0.06999999999999318,1,True,33.403687
896,asked,asked,405.559999,405.789999,False,True,0.2300000000000182,1,True,35.33612
897,me,me,405.79,405.9,False,True,0.1099999999999568,1,True,35.759323
898,a,a,405.9,405.95,False,True,0.05000000000001137,1,True,37.895077
899,straightforward,straightforward,405.95,406.53,False,True,0.5799999999999841,1,True,35.914883
900,question,question,406.53,407.1,False,True,0.57000000000005,1,True,35.1928
901,that,that,407.58,407.75,False,True,0.17000000000001592,1,True,34.441402
902,came,came,407.75,407.95,False,True,0.19999999999998863,1,True,37.26763
903,with,with,407.95,408.07,False,True,0.12000000000000455,1,True,33.12503
904,a,a,408.07,408.11,False,True,0.040000000000020464,1,True,35.64162
905,straightforward,straightforward,408.11,408.72,False,True,0.6100000000000136,1,True,32.694805
906,answer,answer,408.719999,409.019999,False,True,0.30000000000001137,1,True,31.552662
907,In,in,409.02,409.15,False,True,0.12999999999999545,1,True,33.29894
908,fact,fact,409.15,409.65,False,True,0.5,1,True,31.230894
909,I,i,410.13,410.3,False,True,0.17000000000001592,1,True,33.453445
910,wasn’t,wasn't,410.309999,410.769999,False,True,0.45999999999997954,4,True,27.48503
911,Pie,pie,410.77,411.03,False,True,0.2599999999999909,1,True,33.661453
912,Man,man,411.03,411.49,False,True,0.4600000000000364,1,True,33.129726
913,As,as,411.57,411.74,False,True,0.17000000000001592,1,True,33.45247
914,far,far,411.74,411.93,False,True,0.18999999999999773,1,True,35.7646
915,as,as,411.929999,412.019999,False,True,0.08999999999997499,1,True,31.369469
916,I,i,412.02,412.08,False,True,0.060000000000002274,1,True,34.767227
917,knew,knew,412.08,412.25,False,True,0.17000000000001592,1,True,32.340324
918,I,i,412.25,412.26,False,True,0.009999999999990905,1,True,33.56501
919,had,had,412.279999,412.469999,False,True,0.18999999999999773,1,True,31.193008
920,never,never,412.469999,412.869999,False,True,0.4000000000000341,1,True,35.93782
921,seen,seen,413.119999,413.509999,False,True,0.38999999999998636,1,True,31.706886
922,the,the,413.51,413.61,False,True,0.10000000000002274,1,True,32.274933
923,guy,guy,413.609999,414.099999,False,True,0.4900000000000091,1,True,37.131718
924,out,out,414.199999,414.389999,False,True,0.18999999999999773,1,True,38.84786
925,of,of,414.389999,414.529999,False,True,0.13999999999998636,1,True,38.370796
926,costume,costume,414.53,415.15,False,True,0.6200000000000045,1,True,33.03617
927,So,so,416.11,416.37,False,True,0.2599999999999909,1,True,33.175053
928,I,i,416.37,416.47,False,True,0.10000000000002274,1,True,35.804855
929,looked,looked,416.47,416.68,False,True,0.20999999999997954,1,True,38.71672
930,at,at,416.68,416.75,False,True,0.06999999999999318,1,True,32.385815
931,her,her,416.75,416.82,False,True,0.06999999999999318,1,True,37.882565
932,and,and,416.82,416.94,False,True,0.12000000000000455,1,True,36.692223
933,I,i,416.94,417.05,False,True,0.11000000000001364,1,True,36.622124
934,said,said,417.06,417.45,False,True,0.38999999999998636,1,True,33.529648
935,Yes,yes,419.7,420.14,False,True,0.4399999999999977,1,True,35.82535
936,Angela,angela,420.14,420.78,False,True,0.6399999999999864,1,True,33.35213
937,I,i,421.55,421.75,False,True,0.19999999999998863,1,True,35.33889
938,am,am,421.75,421.99,False,True,0.2400000000000091,1,True,32.9137
939,Pie,pie,422.0,422.26,False,True,0.2599999999999909,1,True,35.605705
940,Man,man,422.28,422.63,False,True,0.35000000000002274,1,True,32.07796
941,And,and,424.929999,425.049999,False,True,0.12000000000000455,1,True,32.91028
942,she,she,425.05,425.2,False,True,0.14999999999997726,1,True,36.243153
943,said,said,425.21,425.43,False,True,0.22000000000002728,1,True,32.88115
944,Oh,oh,425.429999,425.549999,False,True,0.12000000000000455,1,True,35.48801
945,good,good,425.55,425.88,False,True,0.3299999999999841,1,True,36.54539
946,Now,now,426.84,426.96,False,True,0.12000000000000455,1,True,34.397633
947,buy,buy,426.96,427.27,False,True,0.3100000000000023,1,True,34.23637
948,me,me,427.27,427.38,False,True,0.11000000000001364,1,True,37.02713
949,a,a,427.38,427.43,False,True,0.05000000000001137,1,True,38.369263
950,beer,beer,427.429999,427.919999,False,True,0.4900000000000091,1,True,35.414444
951,and,and,428.52,428.55,False,True,0.03000000000002956,1,True,35.776814
952,tell,tell,428.61,428.8,False,True,0.18999999999999773,1,True,32.909428
953,me,me,428.799999,428.939999,False,True,0.13999999999998636,1,True,35.637516
954,all,all,428.94,429.07,False,True,0.12999999999999545,1,True,37.649044
955,about,about,429.07,429.27,False,True,0.19999999999998863,1,True,32.084938
956,it,it,429.46,429.48,False,True,0.020000000000038654,1,True,33.879192
